canonical_topic,community_phrase,search_keyword,note
결직웨딩 통해서,결직웨딩 통해서,결직웨딩 통해서,
결혼 준비,결혼 준비,결혼 준비,
결혼식 비용,결혼식 비용,결혼식 비용,
계약 후기,계약 후기,계약 후기,
다양한 스타일,다양한 스타일,다양한 스타일,
드는 드레스,드는 드레스,드는 드레스,
드레스 느낌,드레스 느낌,드레스 느낌,
드레스 투어,드레스 투어,드레스 투어,
마음 드는,마음 드는,마음 드는,
마음 들었어요,마음 들었어요,마음 들었어요,
맘에 드는,맘에 드는,맘에 드는,
모바일 결갤러,모바일 결갤러,모바일 결갤러,
본식 드레스,본식 드레스,본식 드레스,
샘플 사진,샘플 사진,샘플 사진,
선택하게 되었습니다,선택하게 되었습니다,선택하게 되었습니다,
선택한 이유,선택한 이유,선택한 이유,
스튜디오 촬영,스튜디오 촬영,스튜디오 촬영,
예쁜 드레스,예쁜 드레스,예쁜 드레스,
원하 드레스,원하 드레스,원하 드레스,
추천해 주신,추천해 주신,추천해 주신,
결혼 준비하면서,결혼 준비하면서,결혼 준비하면서,
축의금 만원,축의금 만원,축의금 만원,
